{"cameraMode":{"drawMode":0,"name":"Shaded","section":"Shading Mode"},"sceneLighting":true,"audioPlay":false,"sceneViewState":{"showFog":true,"showMaterialUpdate":false,"showSkybox":true,"showFlares":true,"showImageEffects":true,"showParticleSystems":true},"in2DMode":false,"pivot":{"x":4.663212299346924,"y":3.5114617347717287,"z":13.170732498168946},"rotation":{"x":-0.10197427123785019,"y":0.24130791425704957,"z":-0.02550605498254299,"w":-0.9647389650344849},"size":6.265919208526611,"orthographic":false}